text,topic
A widespread mistrust of politicians and government institutions hinders the nation's ability to solve problems and uphold its ideals.,Barriers to Freedom and Equality
"Divisive political leadership, polarization, and corruption are key barriers to freedom and equality that erode trust and unity.",Barriers to Freedom and Equality
"America has not fully lived up to its historical ideals of freedom and equality, with many groups continuing to face discrimination.",Barriers to Freedom and Equality
"Freedom is widely understood as the ability to make personal choices and live autonomously, as long as one's actions do not harm others.",Barriers to Freedom and Equality
Political leaders are often seen as self-serving and influenced by money and power rather than representing the interests of the people.,Barriers to Freedom and Equality
"Holding individuals, leaders, and institutions accountable for their actions is necessary to uphold the ideals of freedom and equality.",Defining Equality
"Freedom is the ability to make personal choices and live an autonomous life, free from the control of others or government overreach.",Defining Equality
"While America has made progress towards its ideals of freedom and equality, there is still significant work to be done.",Defining Equality
"Freedom includes the ability to act as one chooses, with the corresponding responsibility to respect laws and not harm others.",Defining Equality
"Equality means all individuals should be treated with the same dignity and respect, regardless of their identity.",Defining Equality
Freedom of speech includes the ability to express unpopular or politically incorrect views without fear of professional or social retaliation.,Defining Freedom
"Freedom is the ability to make personal choices and live one's life without undue control, provided it does not harm others and respects the law.",Defining Freedom
"Equality means all individuals should have the same opportunities and be treated with respect, regardless of their background.",Defining Freedom
"Members of minority communities, including racial and LGBTQ+ individuals, often live with a fear of persecution that limits their sense of freedom.",Defining Freedom
Providing an accessible and equitable education system is essential for fostering freedom and equality.,Defining Freedom
"Freedom is the ability to make personal choices about one's life, speech, and beliefs without undue government interference, as long as it does not harm others.",Society's Role in Freedom and Equality
Holding powerful individuals and institutions accountable is necessary to ensure laws are applied fairly to everyone.,Society's Role in Freedom and Equality
"Equality is defined as all individuals having the same opportunities to succeed, regardless of race, gender, religion, or economic status.",Society's Role in Freedom and Equality
Listening to and respecting different viewpoints is essential for finding common ground and reducing societal division.,Society's Role in Freedom and Equality
"Economic inequality, including the high cost of higher education and healthcare, is a significant barrier to freedom and equal opportunity.",Society's Role in Freedom and Equality
A core component of freedom is the ability to express one's thoughts and opinions without fear of reprisal from the government.,The Individual's Role in Freedom and Equality
Freedom is the ability for individuals to make their own choices and shape their own lives without undue government or external control.,The Individual's Role in Freedom and Equality
"Economic factors, such as access to opportunities and the influence of wealth, play a significant role in an individual's ability to experience freedom and equality.",The Individual's Role in Freedom and Equality
The exercise of individual freedom comes with the responsibility to respect laws and not cause harm to others.,The Individual's Role in Freedom and Equality
"To achieve a more free and equal society, individuals must listen to one another and respectfully engage with different opinions and beliefs.",The Individual's Role in Freedom and Equality
The right to express personal opinions without fear of reprisal is fundamental to holding power accountable and ensuring government serves the people.,Nuanced
Rebuilding public trust requires holding political leaders and institutions accountable for serving the people's interests over the influence of money and power.,Nuanced
"A core principle of equality is that laws are applied fairly to everyone, which requires a system that holds all individuals and institutions accountable, regardless of their wealth or power.",Nuanced
"A society that values both freedom and equality must work to dismantle barriers, whether they are discriminatory laws, corrupt practices, or economic hardships.",Nuanced
"Freedom of expression is weakened when individuals fear professional or social retaliation, hindering the open exchange of ideas necessary for a healthy society.",Nuanced
"Protecting freedom of speech for all, including unpopular views, is a prerequisite for the honest dialogue needed to reduce societal division and find common ground.",Nuanced
"Widespread mistrust in government is a direct consequence of the perception that leaders are self-serving, making accountability essential for national problem-solving.",Nuanced
"Upholding the rule of law requires that accountability is applied consistently, as any perception of a two-tiered system of justice erodes public trust and the ideal of equality.",Nuanced
"To live up to the nation's ideals, society must ensure that an individual's rights and opportunities are not determined by their race, gender, or economic status.",Nuanced
Achieving the American ideal of equality requires directly addressing systemic discrimination that continues to limit opportunities for many groups.,Nuanced